title,date_watched,rating,note,status
10 giorni con Babbo Natale,2022-08-19,,,
10 giorni con i suoi,2025-08-16,,,
1917,2023-05-02,,,
2 Fast 2 Furious,2022-10-02,,,
21,2022-08-18,,,
28 Weeks Later,2025-08-16,,,
300,2022-08-18,,,
8 Mile,2022-08-18,,,
A Christmas Carol,2022-11-11,,,
A Minecraft Movie,2025-04-20,,,
Accepted,2022-08-18,,,
American Psycho,2023-05-01,,,
American Sniper,2026-06-17,,,
Arrivano i prof,2022-08-18,,,
Avatar,2022-12-20,,,
Avatar: The Way of Water,2022-12-29,,,
Barbie,2023-08-12,,,
Batman v Superman: Dawn of Justice,2022-10-22,,,
Blended,2022-08-18,,,
Brothers,
Cam,2022-08-18,,,
Cambio tutto!,2022-08-19,,,
Captain America: The First Avenger,2023-08-28,,,
Captain Marvel,2023-08-31,,,
Cars,2022-08-19,,,
Cars 2,2022-08-19,,,
Cars 3,2022-08-18,,,
Chicken Run,2022-11-11,,,
Cinderella,2022-08-31,,,
Cloudy with a Chance of Meatballs,2022-11-11,,,
Coach Carter,2022-08-18,,,
Coco,2022-10-02,,,
De Slag om de Schelde,2023-05-03,,,
Deadpool,2022-10-02,,,
Deadpool & Wolverine,2024-08-25,,,
Deadpool 2,2024-08-01,,,
Despicable Me,2022-08-18,,,
Despicable Me 2,2022-08-18,,,
Despicable Me 3,2022-08-18,,,
Diamanti,2025-01-07,,,
Dinner for Schmucks,2022-08-18,,,
Django Unchained,2022-09-25,,,
Dobbiamo stare vicini,2025-01-11,,,
Dune: Part One,2022-08-31,,,
Dune: Part Two,2024-07-30,,,
Dunkirk,2022-08-18,,,
El Buen Patrón,2024-05-20,,,
El Camino: A Breaking Bad Movie,2026-01-03,,,
El fotógrafo de Mauthausen,2022-08-18,,,
El hoyo,2022-08-18,,,
El hoyo 2,2025-01-06,,,
Era Ora,2026-01-24,,,
Famo$o,2022-08-19,,,
Fantastic Beasts and Where to Find Them,2022-10-02,,,
Fantastic Beasts: The Crimes of Grindelwald,2022-10-02,,,
Fantozzi contro tutti,2022-08-19,,,
Fast X,2023-06-03,,,
Fatti vedere,2025-02-15,,,
Fight Club,2026-06-23,,,
Figli,2022-08-19,,,
Finding Nemo,2022-08-31,,,
Flatliners,2022-08-18,,,
FolleMente,2025-04-20,,,
Frozen,2022-10-02,,,
Frozen II,2022-10-02,,,
Full Metal Jacket,2022-08-18,,,
Garage Olimpo,2022-08-19,,,
Grease,2022-08-18,,,
Hacksaw Ridge,2022-09-21,,,
Hammerharte Jungs,2024-08-28,,,
Harry Potter and the Chamber of Secrets,2022-08-18,,,
Harry Potter and the Deathly Hallows: Part 1,2022-08-18,,,
Harry Potter and the Deathly Hallows: Part 2,2022-08-18,,,
Harry Potter and the Goblet of Fire,2022-08-18,,,
Harry Potter and the Half-Blood Prince,2022-08-18,,,
Harry Potter and the Order of the Phoenix,2022-08-18,,,
Harry Potter and the Philosopher's Stone,2022-08-18,,,
Harry Potter and the Prisoner of Azkaban,2022-08-18,,,
Hidden Figures,2022-10-22,,,
High School Musical,2025-06-21,,,
Hotel Transylvania,2022-11-11,,,
How the Grinch Stole Christmas,2022-11-11,,,
Hurry Up Tomorrow,2025-06-25,,,
Hustle,2022-08-18,,,
I 2 soliti idioti,2022-08-18,,,
I soliti idioti - Il film,2022-08-18,,,
Ice Age,2022-11-11,,,
Ice Age: Dawn of the Dinosaurs,2022-11-11,,,
Il grande giorno,2024-08-25,,,
Im Westen nichts Neues,2023-04-29,,,
Inglourious Basterds,2023-08-23,,,
Inside Out,2022-10-02,,,
Interstellar,2022-10-02,,,
Io sono la fine del mondo,2025-07-11,,,
John Wick: Chapter 3 - Parabellum,2022-12-30,,,
Joker,2022-09-04,,,
Jumanji: Welcome to the Jungle,2022-08-18,,,
Jumping from High Places,2022-11-11,,,
J’accuse,2022-08-19,,,
Kung Fu Panda,2022-11-30,,,
La red avispa,2022-08-18,,,
Lift,2024-06-29,,,
Lucy,2022-09-22,,,
Malati di sesso,2022-08-19,,,
Maleficent,2022-10-02,,,
Matrimonio alle Bahamas,2022-08-18,,,
Metti la nonna in freezer,2022-08-19,,,
Modo Avião,2022-08-18,,,
Moulin Rouge!,2023-06-05,,,
Murder Mystery,2022-08-18,,,
Perfetti sconosciuti,2022-08-18,,,
Pieles,2022-08-18,,,
Poli opposti,2022-08-18,,,
Pooh's Heffalump Movie,2023-04-17,,,
Ratatouille,2022-10-02,,,
Return of the Jedi,2022-08-18,,,
Rogue One: A Star Wars Story,2022-08-18,,,
Rush,2022-08-18,,,
Sausage Party,2022-08-18,,,
Scary Movie,2022-08-18,,,
Scream,2023-03-12,,,
Scream VI,2023-03-12,,,
Se Dio vuole,2022-08-18,,,
Shang-Chi and the Legend of the Ten Rings,2022-10-22,,,
Shrek,2022-10-02,,,
Siccità,2022-10-02,,,
Sierra Burgess Is a Loser,2022-08-18,,,
Sisu,2023-12-26,,,
Smetto quando voglio,2022-08-18,,,
Smetto quando voglio - Ad honorem,2022-08-18,,,
Smetto quando voglio - Masterclass,2022-08-18,,,
Snow White and the Seven Dwarfs,2022-08-31,,,
Sole a catinelle,2024-09-02,,,
Solo: A Star Wars Story,2022-08-18,,,
Soul,2022-10-22,,,
Space Jam,2022-08-18,,,
Spider-Man,2022-08-18,,,
Spider-Man 2,2022-08-18,,,
Spider-Man 3,2022-08-18,,,
Spider-Man: Across the Spider-Verse,2023-06-03,,,
Spider-Man: Far From Home,2022-08-18,,,
Spider-Man: Homecoming,2022-08-18,,,
Spider-Man: No Way Home,2022-08-18,,,
Star Wars,2022-08-18,,,
Star Wars: Episode I – The Phantom Menace,2022-08-18,,,
Star Wars: Episode II – Attack of the Clones,2022-08-18,,,
Star Wars: Episode III – Revenge of the Sith,2022-08-18,,,
Star Wars: The Clone Wars,2022-12-31,,,
Star Wars: The Force Awakens,2022-08-18,,,
Star Wars: The Last Jedi,2022-08-18,,,
Star Wars: The Rise of Skywalker,2022-08-18,,,
Stowaway,2026-03-03,,,
Suicide Squad,2022-10-02,,,
Sulla mia pelle,2022-08-18,,,
Superman,2025-07-17,,,
Sweet Home Alabama,2026-01-31,,,
Tangled,2022-10-02,,,
Taxi Driver,2023-04-23,,,
Terrifier 3,2024-11-09,,,
The Amazing Spider-Man,2026-03-16,,,
The Amazing Spider-Man 2,2026-03-16,,,
The Astronaut,2026-06-29,,,
The Current War,2022-08-19,,,
The Empire Strikes Back,2022-08-18,,,
The Hunger Games,2022-08-18,,,
The Hunger Games: Catching Fire,2022-08-18,,,
The Hunger Games: Mockingjay - Part 1,2022-08-18,,,
The Hunger Games: Mockingjay - Part 2,2022-08-18,,,
The Hunger Games: The Ballad of Songbirds & Snakes,2023-11-18,,,
The Hungover Games,2022-08-18,,,
The Imitation Game,2023-05-08,,,
The King's Speech,2022-08-18,,,
The Kissing Booth,2022-08-19,,,
The Kissing Booth 2,2022-08-18,,,
The Lion King,2022-10-02,,,
The Man Who Knew Infinity,2023-02-28,,,
The Matrix,2025-01-19,,,
The Nightmare Before Christmas,2022-08-18,,,
The Package,2022-08-18,,,
The Six Triple Eight,2025-02-08,,,
The Super Mario Bros. Movie,2023-04-23,,,
The Texas Chain Saw Massacre,2022-08-18,,,
The Theory of Everything,2022-08-18,,,
The Truman Show,2022-09-23,,,
The Wolf of Wall Street,2022-08-19,,,
To All the Boys I've Loved Before,2022-08-18,,,
Troy,2022-08-18,,,
Un bel giorno,2026-06-23,,,
Un boss in salotto,2022-08-19,,,
Un sacco bello,2022-08-18,,,
Unbroken,2022-08-18,,,
Vacanze ai Caraibi - Il film di Natale,2022-08-18,,,
WALL·E,2022-10-02,,,
We're the Millers,2022-11-11,,,
Whatsoeverly,2025-04-18,,,
Wicked,2024-12-26,,,
Wonder,,,,
君の膵臓をたべたい,2023-09-02,,,
